<?xml version="1.0" encoding="UTF-8"?>
<project-private xmlns="http://www.netbeans.org/ns/project-private/1">
    <editor-bookmarks xmlns="http://www.netbeans.org/ns/editor-bookmarks/2" lastBookmarkId="0"/>
    <open-files xmlns="http://www.netbeans.org/ns/projectui-open-files/2">
        <group>
            <file>file:/D:/NetBeansProjects/LibrarySystemv1/src/librarysystemv1/AddUpdateBookFrame.java</file>
            <file>file:/D:/NetBeansProjects/LibrarySystemv1/src/librarysystemv1/MainFrame.java</file>
            <file>file:/D:/NetBeansProjects/LibrarySystemv1/src/librarysystemv1/NewClass1.java</file>
            <file>file:/D:/NetBeansProjects/LibrarySystemv1/src/librarysystemv1/AddUpdateMemberFrame.java</file>
        </group>
    </open-files>
</project-private>
